binary_file_path,question_text,answer_1,difficulty_level,right_answer,answer_3,answer_2,answer_type,question_type
,"Grand Central Terminal, Park Avenue, New York is the world's",None of the above,Easy,largest railway station,highest railway station,largest railway station,Single-Correct,Text Based
,Entomology is the science that studies,The formation of rocks,Easy,Insects,Behavior of human beings,Insects,Single-Correct,Text Based
,"Eritrea, which became the 182nd member of the UN in 1993, is in the continent of",Europe,Easy,Africa,Africa,Australia,Single-Correct,Text Based
,Garampani sanctuary is located at,"Kohima, Nagaland",Medium,"Diphu, Assam","Diphu, Assam","Gangtok, Sikkim",Single-Correct,Text Based
,For which of the following disciplines is Nobel Prize awarded?,All of the above,Medium,All of the above,"Literature, Peace and Economics",Physiology or Medicine,Single-Correct,Text Based
,Hitler party which came into power in 1933 is known as,Ku-Klux-Klan,Hard,Nazi Party,Nazi Party,Democratic Party,Single-Correct,Text Based
,Former Australian captain Mark Taylor has had several nicknames over his playing career. Which of the following was NOT one of them?,Tubby,Easy,Stumpy,Stodge,Stumpy,Single-Correct,Text Based
,Which was the 1st non Test playing country to beat India in an international match?,Zimbabwe,Easy,Sri Lanka,Sri Lanka,East Africa,Single-Correct,Text Based
,Track and field star Carl Lewis won how many gold medals at the 1984 Olympic games?,Eight,Easy,Four,Three,Four,Single-Correct,Text Based
,Which county did Ravi Shastri play for?,Glamorgan,Medium,Glamorgan,Gloucestershire,Leicestershire,Single-Correct,Text Based
,Who was the first Indian to win the World Amateur Billiards title?,Wilson Jones,Medium,Wilson Jones,Michael Ferreira,Geet Sethi,Single-Correct,Text Based
,Who is the first Indian woman to win an Asian Games gold in 400m run?,M.L.Valsamma,Hard,Kamaljit Sandhu,Kamaljit Sandhu,K.Malleshwari,Single-Correct,Text Based
,Brass gets discoloured in air because of the presence of which of the following gases in air?,Nitrogen,Easy,Hydrogen sulphide,Oxygen,Hydrogen sulphide,Single-Correct,Text Based
,Who wrote the famous book - 'We the people'?,Khushwant Singh,Easy,Nani Palkhivala,Nani Palkhivala,T.N.Kaul,Single-Correct,Text Based
,The Parliament of India cannot be regarded as a sovereign body because,the Supreme Court can declare laws passed by parliament as unconstitutional if they contravene the provisions of the Constitution,Easy,All of the above,All of the above,it can legislate only on subjects entrusted to the Centre by the Constitution,Single-Correct,Text Based
,Which of the following is a non metal that remains liquid at room temperature?,Bromine,Easy,Bromine,Chlorine,Phosphorous,Single-Correct,Text Based
,Chlorophyll is a naturally occurring chelate compound in which central metal is,calcium,Medium,magnesium,copper,magnesium,Single-Correct,Text Based
,Which of the following is used in pencils?,Phosphorous,Medium,Graphite,Silicon,Graphite,Single-Correct,Text Based
,Which of the following metals forms an amalgam with other metals?,Zinc,Hard,Mercury,Tin,Mercury,Single-Correct,Text Based
,Who is the author of the book 'Nineteen Eighty Four'?,George Orwell,Easy,George Orwell,Thomas Hardy,Emile Zola,Single-Correct,Text Based
,Which of the following is NOT written by Munshi Premchand?,Manasorovar,Easy,Guide,Godan,Guide,Single-Correct,Text Based
,Who is the author of the book 'Forbidden Verses'?,Abu Nuwas,Medium,Abu Nuwas,Ms. Taslima Nasrin,Salman RushDie,Single-Correct,Text Based
,The lead character in the film 'The Bandit Queen' has been played by,Pratiba Sinha,Medium,Seema Biswas,Seema Biswas,Shabama Azmi,Single-Correct,Text Based
,Which of the following books has been written by Vikram Seth?,My God Died Young,Medium,A Suitable Boy,Islamic Bomb,A Suitable Boy,Single-Correct,Text Based
,Who wrote the line: ' A thing of beauty is a joy forever'?,P.B.Shelley,Hard,John Keats,John Keats,William Wordsworth,Single-Correct,Text Based
,"The name of the Laccadive, Minicoy and Amindivi islands was changed to Lakshadweep by an Act of Parliament in",1973,Easy,1973,1972,1971,Single-Correct,Text Based
,The members of the Rajya Sabha are elected by,elected members of the legislative council,Easy,elected members of the legislative assembly,Lok Sabha,elected members of the legislative assembly,Single-Correct,Text Based
,The members of the panchayat are,nominated by local self-government minister of the state,Medium,the electorates of the respective territorial constituencies,the electorates of the respective territorial constituencies,nominated by the block development organization,Single-Correct,Text Based
,The power to decide an election petition is vested in the,Election Commission,Medium,High courts,Supreme Court,High courts,Single-Correct,Text Based
,The present Lok Sabha is the,13th Lok Sabha,Hard,16th Lok Sabha,14th Lok Sabha,16th Lok Sabha,Single-Correct,Text Based
,FFC stands for,Film Finance Corporation,Easy,Film Finance Corporation,Federation of Football Council,Foreign Finance Corporation,Single-Correct,Text Based
,Fastest shorthand writer was,Dr. G.  D. Bist,Easy,Dr. G.  D. Bist,J.M. Tagore,J.R.D. Tata,Single-Correct,Text Based
,Epsom (England) is the place associated with,Horse racing,Easy,Horse racing,Shooting,Polo,Single-Correct,Text Based
,"First human heart transplant operation conducted by Dr. Christiaan Barnard on Louis Washkansky, was conducted in",1958,Medium,1967,1967,1922,Single-Correct,Text Based
,Galileo was an Italian astronomer who,discovered that the movement of pendulum produces a regular time measurement,Medium,All of the above,All of the above,developed the telescope,Single-Correct,Text Based
,Habeas Corpus Act 1679,safeguarded the personal liberties of the people against arbitrary imprisonment by the king's orders,Hard,All of the above,All of the above,states that no one was to be imprisoned without a writ or warrant stating the charge against him,Single-Correct,Text Based
,Which two counties did Kapil Dev play?,Nottinghamshire & Warwickshire,Easy,Northamptonshire & Worcestershire,Northamptonshire & Warwickshire,Northamptonshire & Worcestershire,Single-Correct,Text Based
,When was Amateur Athletics Federation of India established?,1946,Easy,1946,1956,1936,Single-Correct,Text Based
,"Who did Stone Cold Steve Austin wrestle at the 1998 edition of ""Over the Edge""?",Cactus Jack,Easy,Dude Love,Dude Love,Mick Foley,Single-Correct,Text Based
,Ricky Ponting is also known as what?,The Rickster,Medium,Punter,Ponts,Punter,Single-Correct,Text Based
,How long are professional Golf Tour players allotted per shot?,45 seconds,Medium,45 seconds,1 minute,25 seconds,Single-Correct,Text Based
,Which NBA player scored 8 points in the final 7 seconds of a game to lead his team to victory?,Baron Davis,Hard,Reggie Miller,Kevin Garnett,Reggie Miller,Single-Correct,Text Based
,The Parliament of India can make use of the residuary powers,during national emergency as well as constitutional emergency as well in a state,Easy,at all times,at all times,None of the above,Single-Correct,Text Based
,The members of Lok Sabha hold office for a term of,6 years,Easy,5 years,5 years,3 years,Single-Correct,Text Based
,"The Parliament exercises control over council of ministers, the real executive, in several ways. Which one of the following has been wrongly listed as a method of control over executive?",None of the above,Easy,None of the above,Adjournment motions,Supplementary questions,Single-Correct,Text Based
,The number of writs that can be prayed for and issued by the Supreme Court and/or a High Court is,5,Medium,5,3,4,Single-Correct,Text Based
,The minimum age to qualify for election to the Lok Sabha is,25 years,Medium,25 years,18 years,21 years,Single-Correct,Text Based
,The pension of a high court judge is charged to the,Consolidated Fund of India,Hard,Consolidated Fund of India,Consolidated Funds of the different states where he has served,Consolidated Fund of the state where he last served,Single-Correct,Text Based
,Who has written the book 'My Frozen Turbulence in Kashmir'?,Jagmohan,Easy,Jagmohan,M.J.Akbar,Anees Jung,Single-Correct,Text Based
,Chemical formula for water is,CaSiO,Easy,H,NaAlO,H,Single-Correct,Text Based
,The book 'To Live or Not Live' was written by,V.S. Naipaul,Easy,Nirad C. Chaudhuri,Alexandra Dumas,Nirad C. Chaudhuri,Single-Correct,Text Based
,In India the first television programme was broadcasted in,1959,Easy,1959,1976,1965,Single-Correct,Text Based
,'A Voice for Freedom' is a book written by,Benazir Bhutto,Medium,Nayantara Sahgal,Corazon Aquino,Nayantara Sahgal,Single-Correct,Text Based
,Who is the father of English Poetry?,Milton,Medium,Chaucer,Chaucer,Charles Dickens,Single-Correct,Text Based
,The popular TV serial 'Neem ka Ped' was written by,Rahi Masoom Raza,Medium,Rahi Masoom Raza,Ashapurna Devi,Sharad Joshi,Single-Correct,Text Based
,Who wrote 'War and Peace'?,Leo Tolstoy,Hard,Leo Tolstoy,Charles Dickens,Mahatma Gandhi,Single-Correct,Text Based
,The gas usually filled in the electric bulb is,oxygen,Easy,nitrogen,O,nitrogen,Single-Correct,Text Based
,Washing soda is the common name for,Calcium carbonate,Medium,Sodium carbonate,hydrogen,Sodium carbonate,Single-Correct,Text Based
,Quartz crystals normally used in quartz clocks etc. is chemically,Sodium bicarbonate,Medium,silicon dioxide,silicon dioxide,sodium silicate,Single-Correct,Text Based
,Which of the gas is not known as green house gas?,a mixture of germanium oxide and silicon dioxide,Hard,Hydrogen,Hydrogen,Methane,Single-Correct,Text Based
,Exposure to sunlight helps a person improve his health because,the infrared light kills bacteria in the body,Easy,the ultraviolet rays convert skin oil into Vitamin D,resistance power increases,the ultraviolet rays convert skin oil into Vitamin D,Single-Correct,Text Based
,Golf player Vijay Singh belongs to which country?,Fiji,Easy,Fiji,India,USA,Single-Correct,Text Based
,"Guarantee to an exporter that the importer of his goods will pay immediately for the goods ordered by him, is known as",None of the above,Easy,Letter of Credit (L/C),"<i class=""gk-definition"">laissezfaire</i>",Letter of Credit (L/C),Single-Correct,Text Based
,First Afghan War took place in,1839,Medium,1839,1833,1843,Single-Correct,Text Based
,Gulf cooperation council was originally formed by,Fourth World Nations,Medium,"Bahrain, Kuwait, Oman, Qatar, Saudi Arabia and United Arab Emirates",Second World Nations,"Bahrain, Kuwait, Oman, Qatar, Saudi Arabia and United Arab Emirates",Single-Correct,Text Based
,First China War was fought between,China and Egypt,Hard,China and Britain,China and Britain,China and Greek,Single-Correct,Text Based
,"In the match between India and Pakistan at Jaipur on 02-10-1983, Which new rule was introduced?",No-balls & wides were debited to bowlers analysis,Easy,No-balls & wides were debited to bowlers analysis,Over throw runs were batsman's score,The rule of field restriction was taken.,Single-Correct,Text Based
,The first hang gliders to be flown were flown in...?,1900s,Easy,1800s,1700s,1800s,Single-Correct,Text Based
,Which two counties did Anil Kumble play for?,Northamptonshire & Lancashire,Easy,Northamptonshire & Leicestershire,Nottinghamshire & Leicestershire,Northamptonshire & Leicestershire,Single-Correct,Text Based
,The nickname of Glenn McGrath is what?,Big Bird,Medium,Pigeon,Pigeon,Ooh Ahh,Single-Correct,Text Based
,Mark Waugh is commonly called what?,Junior,Medium,Junior,Tugga,Afganistan,Single-Correct,Text Based
,India won its first Olympic hockey gold in...?,1948,Hard,1928,1932,1928,Single-Correct,Text Based
,The preamble says that the state in India will assure the dignity of the individual. The constitution seeks to achieve this object by guaranteeing,just and humane conditions of work to each individual,Easy,equal fundamental rights to each citizen,equal fundamental rights to each citizen,equal wages for equal work to each individual irrespective of sex,Single-Correct,Text Based
,The minimum age of the voter in India is,25 years,Easy,18 years,15 years,18 years,Single-Correct,Text Based
,The members of a State Commission can be removed by the,president on a report by the Supreme Court,Easy,president on a report by the Supreme Court,governor on a report by the Supreme Court,governor on a resolution passed by Parliament,Single-Correct,Text Based
,The members of the Rajya Sabha are,elected by the members of the state legislative councils,Medium,elected by the members of the state legislative assemblies,elected by the members of the state legislative assemblies,elected by the members of the state legislative councils and state legislative assemblies,Single-Correct,Text Based
,The president addresses both the Houses of Parliament assembled together,during emergency session summoned for the purpose,Medium,first session after each general election and the first session of each year,first session after each general election and the first session of each year,any session,Single-Correct,Text Based
,The president can dissolve the Lok Sabha on,recommendation of Lok Sabha,Hard,advice of the prime minister,advice of the prime minister,recommendation of the Rajya Sabha,Single-Correct,Text Based
,Bromine is a,highly inflammable gas,Easy,red liquid,black solid,red liquid,Single-Correct,Text Based
,Which of the book was written by Graham Greene?,The Power and Glory,Easy,The Power and Glory,Crisis in India,O' Jerusalem,Single-Correct,Text Based
,The hardest substance available on earth is,Platinum,Easy,Diamond,Iron,Diamond,Single-Correct,Text Based
,The variety of coal in which the deposit contains recognisable traces of the original plant material is,bitumen,Medium,peat,anthracite,peat,Single-Correct,Text Based
,Tetraethyl lead is used as,mosquito repellent,Medium,petrol additive,petrol additive,pain killer,Single-Correct,Text Based
,Which of the following is used as a lubricant?,Iron Oxide,Hard,Graphite,Graphite,Diamond,Single-Correct,Text Based
,"George Bernard Shaw, the great dramatist, was",an Englishman,Easy,an Irishman,a Welsh,an Irishman,Single-Correct,Text Based
,'Mirchchhakatika' was written by,Shudraka,Easy,Shudraka,Kalhana,Vikramaditya,Single-Correct,Text Based
,The famous book 'Anandmath' was authored by,Rabindrnath Tagore,Medium,Bankim Chandra Chottapadhya,Sarojini Naidu,Bankim Chandra Chottapadhya,Single-Correct,Text Based
,Who directed the film '1942: A love story'?,Yash Chopra,Medium,Vidhu Vinod Chopra,Vidhu Vinod Chopra,Ketan Mehta,Single-Correct,Text Based
,"Who is the author of famous statement: ""That Government is the best which governs least""?",Henry David Thoreau,Medium,Henry David Thoreau,Alexis De Tocqueville,Harold Laski,Single-Correct,Text Based
,Which of the following English films was the first one to be dubbed in Hindi?,Speed,Hard,Aladdin,Aladdin,Iron Man,Single-Correct,Text Based
,Dumping is,prohibited by regulations of GATT,Easy,All of the above,All of the above,selling of goods abroad at a price well below the production cost at the home market price,Single-Correct,Text Based
,"For the Olympics and World Tournaments, the dimensions of basketball court are",27 m x 16 m,Easy,28 m x 15 m,28 m x 15 m,28 m x 16 m,Single-Correct,Text Based
,"Federation Cup, World Cup, Allywyn International Trophy and Challenge Cup are awarded to winners of",Basketball,Easy,Volleyball,Volleyball,Cricket,Single-Correct,Text Based
,Each year World Red Cross and Red Crescent Day is celebrated on,May 8,Medium,May 8,June 8,May 18,Single-Correct,Text Based
,Famous sculptures depicting art of love built some time in 950 AD ï¿½ 1050 AD are,Sun temple,Medium,Khajuraho temples,Khajuraho temples,Mahabalipuram temples,Single-Correct,Text Based
,Gravity setting chambers are used in industries to remove,SO,Hard,suspended particulate matter,suspended particulate matter,CO,Single-Correct,Text Based
,How many times did Geet Sethi win the lBSF World Billiards title?,3,Easy,3,4,2,Single-Correct,Text Based
,In which year did Milkha Singh win the first National title in the 400 m race?,1970,Easy,1957,1956,1957,Single-Correct,Text Based
,"Who won the 1993 ""King of the Ring""?",Edge,Easy,Bret Hart,Bret Hart,Mabel,Single-Correct,Text Based
,What NHL goaltender has the most career wins?,Chris Osgood,Medium,Grant Fuhr,Grant Fuhr,Mike Vernon,Single-Correct,Text Based
,What Major League Baseball player holds the record for all-time career high batting average?,Ty Cobb,Medium,Ty Cobb,Jeff Bagwell,Larry Walker,Single-Correct,Text Based
,Who among the following is NOT associated with billiards in India?,Mihir Sen,Hard,Mihir Sen,Manoj Kothari,Ashok Shandilya,Single-Correct,Text Based
,The president can expend out of the Contingency Fund of India,without the approval of the Parliament,Easy,without the approval of the Parliament,only in the case of the national calamities,only with the approval of the Parliament,Single-Correct,Text Based
,The pre-requisite for the enforcement of directive principles of the state policy is,adequate resources,Easy,adequate resources,active opposition,socialist government,Single-Correct,Text Based
,The Objectives Resolution which laid down the main objectives to guide the deliberations of the Assembly was moved by,K.M. Munshi,Easy,Jawaharlal Nehru,Jawaharlal Nehru,B.R. Ambedkar,Single-Correct,Text Based
,"The president can advance money to meet unforeseen expenses, pending authorization by Parliament, from",None of the above,Medium,the Contingency Fund,the Consolidated Fund of India,the Contingency Fund,Single-Correct,Text Based
,The position of a chief minister is,not constitutional,Medium,similar to that of the prime minister,identical to that of the president,similar to that of the prime minister,Single-Correct,Text Based
,The members of the Rajya Sabha are elected for a term,of six years,Hard,of six years,of four years,determined by the state legislative assembly of a state,Single-Correct,Text Based
,"The inert gas which is substituted for nitrogen in the air used by deep sea divers for breathing, is",Krypton,Easy,Helium,Xenon,Helium,Single-Correct,Text Based
,Who wrote the book 'Reminiscences of the Nehru Age'?,C.D.Deshmukh,Easy,M.O.Mathai,M.O.Mathai,S.C.Rajagopalachari,Single-Correct,Text Based
,The gases used in different types of welding would include,oxygen and hydrogen,Easy,oxygen and acetylene,"oxygen, hydrogen, acetylene and nitrogen",oxygen and acetylene,Single-Correct,Text Based
,The property of a substance to absorb moisture from the air on exposure is called,efflorescence,Medium,deliquescence,deliquescence,desiccation,Single-Correct,Text Based
,In which of the following activities silicon carbide is used?,cutting very hard substances,Medium,cutting very hard substances,Making cement and glass,Disinfecting water of ponds,Single-Correct,Text Based
,The average salinity of sea water is,2%,Hard,3.5%,3%,3.5%,Single-Correct,Text Based
,Aurobindo was the author of,Discovery of India,Easy,Savitri,Hindu view of life,Savitri,Single-Correct,Text Based
,Which of the following is a biography of the Lady Mountbatten?,Edwina Mountbatten - A Life of Her Own.,Easy,Edwina Mountbatten - A Life of Her Own.,Mountbatten,Edwina Mountbatten - Her relationship with Nehru,Single-Correct,Text Based
,In which year was the 'All India Radio' set up?,1950,Medium,1936,1927,1936,Single-Correct,Text Based
,Who directed the film 'Sardar'?,Tapan Sinha,Medium,Ketan Mehta,Ketan Mehta,Das Gupta,Single-Correct,Text Based
,"Who said ""God helps those who help themselves""?",Andre Maurois,Medium,Algernon Sidney,Algernon Sidney,Swami Vivekananda,Single-Correct,Text Based
,The film 'Salaam Bombay' was directed by,Mrinal Sen,Hard,Mira Nair,Shyam Benegal,Mira Nair,Single-Correct,Text Based
,Guwahati High Court is the judicature of,Nagaland,Easy,All of the above,Arunachal Pradesh,All of the above,Single-Correct,Text Based
,Friction can be reduced by changing from,dynamic to static,Easy,sliding to rolling,rolling to sliding,sliding to rolling,Single-Correct,Text Based
,During eleventh Antarctic Expedition in Nov. 1991/March 1992 ____ was installed.,None of the above,Easy,SODAR (SOnic Detection And Ranging),Second Permanent Station 'Maitree',SODAR (SOnic Detection And Ranging),Single-Correct,Text Based
,"From the following, choose the set in which names of Secretary-Generals of the UNO are arranged in correct chronological order?","Trygve Lie, U Thant , Dag Hammarskjoeld, Kurt Waldheim.",Medium,"Trygve Lie, Dag Hammarskjoeld, U Thant, Kurt Waldheim.","Trygve Lie, Dag Hammarskjoeld, U Thant, Kurt Waldheim.","U Thant, Dag Hammarskjoeld, Trygve Lie, Kurt Waldheim.",Single-Correct,Text Based
,Fire temple is the place of worship of which of the following religion?,Taoism,Medium,Zoroastrianism (Parsi Religion),Zoroastrianism (Parsi Religion),Shintoism,Single-Correct,Text Based
,Film and TV institute of India is located at,Pimpri (Maharashtra),Hard,Pune (Maharashtra),Pune (Maharashtra),Perambur (Tamilnadu),Single-Correct,Text Based
,Which player has scored the most runs in a single Test innings?,Graham Gooch,Easy,Brian Lara,Brian Lara,Agarkar,Single-Correct,Text Based
,Who was the 1st ODI captain for India?,Ajit Wadekar,Easy,Ajit Wadekar,Nawab Pataudi,Bishen Singh Bedi,Single-Correct,Text Based
,Where did India play its 1st one day international match?,Headingley,Easy,Headingley,Taunton,Lords,Single-Correct,Text Based
,India reached the final of the Davis Cup for the first time in...?,1966,Medium,1966,1970,1964,Single-Correct,Text Based
,The Asian Games were held in Delhi for the first time in...?,1951,Medium,1951,1971,1963,Single-Correct,Text Based
,What Australian player was known as 'Fruitfly' amongst the rest of the team?,Merv Hughes,Hard,Merv Hughes,Mike Veletta,Geoff Lawson,Single-Correct,Text Based
,The office of the president can fall vacant due to,resignation,Easy,All of the above,death,All of the above,Single-Correct,Text Based
,The president can dismiss a member of the council of ministers,with the consent of the speaker,Easy,on the recommendation of the prime  ministers,on his own,on the recommendation of the prime  ministers,Single-Correct,Text Based
,"The president demand for further reforms, attended with the dislocation caused by the non-cooperation movement, led the British government to appoint a Statutory Commission in 1927. This commission was headed by",E.S. Montague,Easy,Sri John Simon,Lord Chelmsford,Sri John Simon,Single-Correct,Text Based
,The office of the prime minister of India,has a constitutional basis,Medium,has a constitutional basis,has conventional basis,has a statutory basis,Single-Correct,Text Based
,The powers to legislate with respect to any matter not enumerated in any of the three lists are mentioned as residuary powers. Which of the following is empowered to determine finally as to whether or not a particular matter falls in this category,Rajya Sabha,Medium,Judiciary,Judiciary,Parliament,Single-Correct,Text Based
,The members of the parliamentary committee,are appointed by the president in consultation with the prime minister,Hard,are taken from various groups and parties in Parliament in proportion to their respective strength,are taken from various groups and parties in Parliament in proportion to their respective strength,both (b) and (c),Single-Correct,Text Based
,'Alice in Wonderland' the famous TV serial is based on a book written by,Lewis Caroll,Easy,Lewis Caroll,Charles Dickens,Thomas Hardy,Single-Correct,Text Based
,The owner of Star TV is,George Lucas,Easy,Rupert Murdoch,Tata Group,Rupert Murdoch,Single-Correct,Text Based
,'The Gathering Storm' is written by,Voltaire,Easy,Winston Churchill,Winston Churchill,Romain Rolland,Single-Correct,Text Based
,The television serial 'Charitraheen' is based on the famous novel of which of the following authors?,Bankim Chandra Chatterji,Medium,Sarat Chandra Chattopadhaya,Rabindranath Tagore,Sarat Chandra Chattopadhaya,Single-Correct,Text Based
,The programme 'Gyan Vani' is broadcasted by,AIR,Medium,AIR,Sony TV,Zee TV,Single-Correct,Text Based
,Who is the author of the book 'My Experiments with Truth'?,Jarnes Morris,Medium,Mahatma Gandhi,Michael Anderson,Mahatma Gandhi,Single-Correct,Text Based
,Who is the writer of 'Swamy and Friends'?,Munshi Premchand,Hard,R. K. Narayan,Raman,R. K. Narayan,Single-Correct,Text Based
,"When an iron nail gets rusted, iron oxide is formed",without any change in colour or weight of the nail,Easy,with increase in the weight of the nail,with decrease in the weight of the nail,with increase in the weight of the nail,Single-Correct,Text Based
,Galvanised iron sheets have a coating of,lead,Easy,zinc,zinc,tin,Single-Correct,Text Based
,"Among the various allotropes of carbon,","diamond is the hardest, lamp black is the softest",Medium,"diamond is the hardest, graphite is the softest","diamond is the hardest, coke is the softest","diamond is the hardest, graphite is the softest",Single-Correct,Text Based
,"The group of metals Fe, Co, Ni may best called as",rare metals,Medium,transition metals,main group metals,transition metals,Single-Correct,Text Based
,Heavy water is,deuterium oxide,Hard,deuterium oxide,rain water,PH7,Single-Correct,Text Based
,"Georgia, Uzbekistan and Turkmenistan became the members of UNO in",1992,Easy,1992,1993,1991,Single-Correct,Text Based
,Guru Gobind Singh was,author of ,Easy,All the above,All the above,the 10,Single-Correct,Text Based
,Hermann Scheer (Germany) received right Livelihood Award in 1999 for,showing that organic agriculture is a key to both environmental sustainability and food security,Easy, Guru of the Sikhs, Guru of the Sikhs,None of the above,Single-Correct,Text Based
,Germany signed the Armistice Treaty on ____ and World War I ended,"February 15, 1918",Medium,"November 11, 1918","May 30, 1918","November 11, 1918",Single-Correct,Text Based
,"During World War II, when did Germany attack France?",1942,Medium,"January 19, 1918","January 19, 1918",1943,Single-Correct,Text Based
,Frederick Sanger is a twice recipient of the Nobel Prize for,Chemistry in 1954 and Peace in 1962,Hard,1940,1940,Physics in 1903 and Chemistry in 1911,Single-Correct,Text Based
,Which county did Mohammad Azharuddin play for?,Lancashire,Easy,Derbyshire,Derbyshire,Yorkshire,Single-Correct,Text Based
,The name of a candidate for the office of president of India may be proposed by,any five citizens of India,Easy,50 members of electoral college and supported by another 50 members.,50 members of electoral college and supported by another 50 members.,ten members of the Electoral College,Single-Correct,Text Based
,The first hand glider was designed by...?,Francis Rogallo,Easy,Leonardo DaVinci,Leonardo DaVinci,Galileo,Single-Correct,Text Based
,Which county did Sunil Gavaskar play for?,Somerset,Easy,Somerset,Warwickshire,Worcestershire,Single-Correct,Text Based
,The 'Dronacharya Award' is given to...?,Coaches,Medium,Coaches,Umpires,Sportsmen,Single-Correct,Text Based
,In which Indian state did the game of Polo originate?,West Bengal,Medium,Manipur,Rajasthan,Manipur,Single-Correct,Text Based
,"What do African-American football players Ernie Davis, Archie Griffin, and Tony Dorsett have in common?",They all won the Heisman Trophy,Hard,They all won the Heisman Trophy,They all led to Super Bowl titles,They all played for Pittsburgh,Single-Correct,Text Based
,"The Parliament can restrict or abrogate by law, fundamental rights with respect to",the persons employed in any bureau or other organization established by the state for purpose of intelligence,Easy,All of the above,All of the above,the members of the armed forces,Single-Correct,Text Based
,"Preamble enshrines the ideals of liberty, equality and fraternity - ideals inspired by the",French Revolution,Easy,French Revolution,Russian Revolution,Irish Revolution,Single-Correct,Text Based
,The minimum number of members that must be present to hold the meeting of the Lok Sabha is,50 percent strength of the Lok Sabha,Medium,one-tenth of the total membership of the Houses,one-tenth of the total membership of the Houses,at least 100 members,Single-Correct,Text Based
,The Parliament enjoys legislative power over subjects in,"all the three lists, viz. union list, state list and the concurrent list",Medium,both union and concurrent list,the concurrent list only,both union and concurrent list,Single-Correct,Text Based
,The power to prorogue the Lok Sabha rests with,the prime minister,Hard,the president,the president,the minister for parliamentary affairs,Single-Correct,Text Based
,"'The Naked Face',  a very popular book is written by",Dominique Lapierre,Easy,Sidney Sheldon,Sidney Sheldon,Juan Benet,Single-Correct,Text Based
,The author of controversial book 'Lajja' is a citizen of,Pakistan,Easy,Bangladesh,Bangladesh,India,Single-Correct,Text Based
,The first history book was written by,Julius Caesar,Easy,Herodotus,Euclid,Herodotus,Single-Correct,Text Based
,'A Secular Agenda' is a book written by,Arun Shourie,Medium,Arun Shourie,Prem Shankar Jha,Mani Shankar Aiyar,Single-Correct,Text Based
,In which language did 'Dr. Masti Venkatesh Iyengar' write?,Malayalam,Medium,Kannada,Tamil,Kannada,Single-Correct,Text Based
,The book named 'Three Decades in Parliament' is a collection of the speeches of,N. G. Ranga,Medium,A. B. Vajpayee,Somnath Chatterjee,A. B. Vajpayee,Single-Correct,Text Based
,Who said 'Man is a political animal'?,Socrates,Hard,Aristotle,Aristotle,Plato,Single-Correct,Text Based
,The chemical (ethyl mercaptan) added to the otherwise odourless LPG cooking gas for imparting a detectable smell to the gas is a compound of,chlorine,Easy,sulphur,sulphur,bromine,Single-Correct,Text Based
,The element common to all acids is,hydrogen,Easy,hydrogen,sulphur,carbon,Single-Correct,Text Based
,Non stick cooking utensils are coated with,black paint,Medium,Teflon,Teflon,polystyrene,Single-Correct,Text Based
,Monazite is an ore of,titanium,Medium,thorium,zirconium,thorium,Single-Correct,Text Based
,"Carbon, diamond and graphite are together called",isotopes,Hard,allotropes,isomers,allotropes,Single-Correct,Text Based
,The ozone layer restricts,X-rays and gamma rays,Easy,Ultraviolet radiation,Ultraviolet radiation,Visible light,Single-Correct,Text Based
,Eugenics is the study of,different races of mankind,Easy,altering human beings by changing their genetic components,altering human beings by changing their genetic components,genetic of plants,Single-Correct,Text Based
,Euclid was,Greek mathematician,Easy,All of the above,Contributor to the use of deductive principles of logic as the basis of geometry,All of the above,Single-Correct,Text Based
,Ecology deals with,Birds,Medium,Relation between organisms and their environment,Relation between organisms and their environment,Tissues,Single-Correct,Text Based
,Filaria is caused by,Protozoa,Medium,Mosquito,Mosquito,Virus,Single-Correct,Text Based
,Goa Shipyard Limited (GSL) was established in,1956,Hard,1957,1957,1955,Single-Correct,Text Based
,The phrase 'bicameral legislature' means,a legislature consisting of a lower and an upper chamber,Easy,a legislature consisting of a lower and an upper chamber,a single assembly,an elected legislature,Single-Correct,Text Based
,Which cricketer died on the field in Bangladesh while playing for Abahani Club?,Raman Lamba,Easy,Raman Lamba,Lala Amarnath,M.L.Jaisimha,Single-Correct,Text Based
,The position of the president which was undermined by the 42nd amendment was sub-sequently somewhat retrieved by the,26th amendment,Easy,44th amendment,44th amendment,None of the above,Single-Correct,Text Based
,The oath of office is administered to the members of state council of ministers by,speaker of legislative assembly,Easy,the governor,the chief minister,the governor,Single-Correct,Text Based
,The power of Supreme Court of India to decide  the dispute between the centre and states falls under its,constitutional jurisdiction,Medium,original jurisdiction,appellate jurisdiction,original jurisdiction,Single-Correct,Text Based
,The members of Lok Sabha are,nominated,Medium,directly elected by the people,directly elected by the people,partly elected and partly nominated,Single-Correct,Text Based
,The parliament can legislate on a subject in the state list,for the implementation of treaties and agreements with foreign powers,Hard,All the above,All the above,if the Rajya Sabha passes a resolution by two-third majority declaring the subject in state list of national importance,Single-Correct,Text Based
,Which of the following is a Manipuri version of Hockey?,Khong Kangjei,Easy,Khong Kangjei,Yubi Lakpi,Hiyang Tanaba,Single-Correct,Text Based
,Which county did Javagal Srinath sign for in 2003?,Essex,Easy,Durham,Surrey,Durham,Single-Correct,Text Based
,Which county did Sachin Tendulkar play for?,Leicestershire,Medium,Yorkshire,Nottinghamshire,Yorkshire,Single-Correct,Text Based
,Who did Shawn Michaels beat to win his first Intercontinental Title?,Tito Santana,Medium,British Bulldog,Marty Jannetty,British Bulldog,Single-Correct,Text Based
,Where did the 1st ODI match was played in India?,Kolkata,Hard,Ahmedabad,Ahmedabad,Mumbai,Single-Correct,Text Based
,The famous character 'Pickwick' was created by,Walt Disney,Easy,Charles dickens,Charles dickens,Steven Spielberg,Single-Correct,Text Based
,'The General Happiness is the end of the state' who said this?,Benthem,Easy,Benthem,Plato,Hegel,Single-Correct,Text Based
,'Sports Channel' a monthly video magazine has been launched by,Nawab Pataudi,Easy,Kapil Dev,Sunil Gavaskar,Kapil Dev,Single-Correct,Text Based
,The creator of 'Sherlock Holmes' was,Shakespeare,Medium,Arthur Conan Doyle,Ian Fleming,Arthur Conan Doyle,Single-Correct,Text Based
,Who directed the famous TV Serial 'Tandoori Nights'?,Jon AMiel,Medium,Jon AMiel,Zohra Sehgal,Farukh Dhondy,Single-Correct,Text Based
,Who is the author of book 'We Indians'?,Khushwant Singh,Medium,Khushwant Singh,Nirad C. Choudry,Subramaniya Swamy,Single-Correct,Text Based
,'India of our Dreams' is a book written by,M.V. Kamath,Hard,M.V. Kamath,Dr. S. Radhakrishnan,Dr. C. Subramanian,Single-Correct,Text Based
,Potassium nitrate is used in,salt,Easy,fertiliser,fertiliser,glass,Single-Correct,Text Based
,Permanent hardness of water may be removed by the addition of,sodium carbonate,Easy,sodium carbonate,potassium permanganate,alum,Single-Correct,Text Based
,Soda water contains,carbonic acid,Medium,carbon dioxide,carbon dioxide,nitrous acid,Single-Correct,Text Based
,The most important ore of aluminium is,bauxite,Medium,bauxite,calcite,calamine,Single-Correct,Text Based
,Most soluble in water is,common salt,Hard,sugar,sugar,camphor,Single-Correct,Text Based
,DRDL stands for,Defence Research and Development Laboratary,Easy,Defence Research and Development Laboratary,Differential Research and Documentation Laboratary,Department of Research and Development Laboratory,Single-Correct,Text Based
,Who was the first Indian Chief of Army Staff of the Indian Army ?,Gen. K.M. Cariappa,Easy,Gen. K.M. Cariappa,Gen. Maharaja Rajendra Singhji,Vice-Admiral R.D. Katari,Single-Correct,Text Based
,FRS stands for,Fellow Research System,Easy,Fellow of Royal Society,Fellow of Royal Society,None of the above,Single-Correct,Text Based
,Escape velocity of a rocket fired from the earth towards the moon is a velocity to get rid of the,Pressure of the atmosphere,Medium,Earth's gravitational pull,Moon's gravitational pull,Earth's gravitational pull,Single-Correct,Text Based
,GATT (General Agreement on Tariffs and Trade) is,Both option A and B,Medium,Both option A and B,international agreement signed in 1947 between non-communist nations with the object of encouraging international trade unobstructed by tariff barriers,agreement which seeks to achieve its aim by arranging and encouraging bargaining with trade concessions between members,Single-Correct,Text Based
,Coral reefs in India can be found in,the coast of Orissa,Hard,Rameshwaram,Rameshwaram,Trivandrum,Single-Correct,Text Based
,Who had a torrid time with Lancashire in 2000?,Javagal Srinath,Easy,Saurav Ganguly,Saurav Ganguly,Sachin Tendulkar,Single-Correct,Text Based
,The oath of office is administered to the Governor by the,speaker of legislative assembly,Easy,chief justice of high court,president,chief justice of high court,Single-Correct,Text Based
,What is the name of the person that controls a football match?,A referee,Easy,A referee,A spectator,An umpire,Single-Correct,Text Based
,"Former Australian captain Allan Border was sometimes known as ""Captain Grumpy"". What was his other nickname?",Groucho,Easy,AB,Captain Junior,AB,Single-Correct,Text Based
,The Indian football team made its first appearance at Olympics in...?,1948,Medium,1948,1952,1936,Single-Correct,Text Based
,Who was the first captain of Indian Test team?,Vijay Merchant,Medium,C K Nayudu,Vijay Hazare,C K Nayudu,Single-Correct,Text Based
,Fenway Park is the home field of what Major League Baseball team?,Montreal Expos,Hard,Boston Red Sox,Boston Red Sox,New York Yankees,Single-Correct,Text Based
,The members of Parliament can express themselves in the House in,"English, Hindi or mother tongue",Easy,"English, Hindi or mother tongue",English or Hindi,Hindi only,Single-Correct,Text Based
,The nature of the anti-Imperialist struggle was,initially constitutional and by large non-violent,Easy,initially constitutional and by large non-violent,based on continuous armed resistance,always peaceful and constitutional,Single-Correct,Text Based
,The position of the prime minister of India is superior to that of his counter-part in Britain because,India has a written constitution,Medium,his office enjoys constitutional basis,his office enjoys constitutional basis,India is the biggest democracy,Single-Correct,Text Based
,The members of the committees of Parliament are,nominated by the leaders of the various parties in the Parliament,Medium,appointed by the speaker or elected by the House from amongst its own members,nominated by the prime minister,appointed by the speaker or elected by the House from amongst its own members,Single-Correct,Text Based
,The parliament can legislate on the subject in the state list,if the President issues an order authorizing it to do so,Hard,if the Rajya Sabha passes a resolution by two-third of its to legislate on a state matter in the national interest,if the Rajya Sabha passes a resolution by two-third of its to legislate on a state matter in the national interest,None of the above,Single-Correct,Text Based
,Who is the author of the book - 'Preparing for the Twenty - First Century'?,Paul Kennedy,Easy,Paul Kennedy,V.R. Krishna Iyer,V.S. Naipul,Single-Correct,Text Based
,Which of the following was to be discovered first in the chromospheres of the sun?,Krypton,Easy,Helium,Xenon,Helium,Single-Correct,Text Based
,Which of the film is directed by Mr. Buddhadeb Gupta?,1942 - A Love Story,Easy,Charachar,Charachar,Mohra,Single-Correct,Text Based
,'Neela Chand' which won the Vyas Samman for 1992 is written by,Ram Vilas Sharma,Easy,Shiv Prasad Singh,Shiv Prasad Singh,Ramakant Rath,Single-Correct,Text Based
,The famous book 'Anna Karenina' written by ?,Leo Tolstoy,Medium,Leo Tolstoy,Lewis Carroll,Victor Hugo,Single-Correct,Text Based
,Who is the author of famous book 'The Judgement'?,Kuldip Nayar,Medium,Kuldip Nayar,Anthony Mascarenhasa,R. Vankataraman,Single-Correct,Text Based
,"Who said ""I therefore, want freedom immediately, this very night, before dawn, if it can be had""?",Nelson Mandela,Medium,Mahatma Gandhi,Jawaharlal Nehru,Mahatma Gandhi,Single-Correct,Text Based
,'Gita Govinda' is written by,Sharan Gupta,Hard,Jaya Dev,Valmiki,Jaya Dev,Single-Correct,Text Based
,Which of the following is in liquid form at room temperature?,Cerium,Easy,Francium,Sodium,Francium,Single-Correct,Text Based
,Sodium metal is kept under,water,Medium,kerosene,kerosene,petrol,Single-Correct,Text Based
,Which of the following are the ingredients of gun metal?,"Iron, Brass, Tin",Medium,"Copper, Tin","Copper, Tin","Iron, Zinc, Titanium",Single-Correct,Text Based
,From which mineral is radium obtained?,Pitchblende,Hard,Pitchblende,Limestone,Haematite,Single-Correct,Text Based
,"For safety, the fuse wire used in the mains for household supply of electricity must be made of metal having",low melting point,Easy,low melting point,high melting point,high resistance,Single-Correct,Text Based
,"Golden Temple, Amritsar is India's",largest Gurdwara,Easy,largest Gurdwara,Both option A and B are correct,oldest Gurudwara,Single-Correct,Text Based
,During World War I Germany was defeated in the Battle of Verdun on the western front and Romania declared war on the eastern front in the year,1917 AD,Easy,1916 AD,1915 AD,1916 AD,Single-Correct,Text Based
,Heavy Water Project (Talcher) and Fertilizer plant (Paradeep) are famous industries of,Andhra Pradesh,Medium,Orissa,Orissa,Kerala,Single-Correct,Text Based
,Hamid Karzai was chosen president of Afghanistan in,2000,Medium,2002,2002,2003,Single-Correct,Text Based
,Durand Cup is associated with the game of,Volleyball,Hard,Football,Cricket,Football,Single-Correct,Text Based
,The national flag was adopted by the Constituent Assembly of India on 22 July 1947 and was presented to the nation at the midnight session of the Assembly on 14th August 1947 on behalf of,the women of India,Easy,the women of India,the minorities of India,the National Integration Council,Single-Correct,Text Based
,The president convenes and prorogues all sessions of Parliament in consultation with,the prime minister,Easy,the prime minister,the prime minister and the leader of the Opposition in Lok Sabha,the speaker,Single-Correct,Text Based
,The preamble to our constitution provided that India is,"a sovereign, socialist, secular and democratic republic",Easy,"a sovereign, socialist, secular and democratic republic",a sovereign republic with a socialist pattern of society,"a sovereign, socialist and democratic republic",Single-Correct,Text Based
,The minimum age required to become a member of Rajya Sabha is,21 years,Medium,30 years,30 years,35 years,Single-Correct,Text Based
,The president can be impeached for,violating the constitution,Medium,violating the constitution,for not taking the prime minister's advice,disregarding Parliament,Single-Correct,Text Based
,The name of the union given in the Constitution is,Bharatadesh or India,Hard,India or Bharat,India or Hindustan,India or Bharat,Single-Correct,Text Based
,Pravin Amre and Vinod Kambli played for which province in South Africa?,Gauteng,Easy,Boland,Border,Boland,Single-Correct,Text Based
,"Which football hero was nicknamed ""The Sundance Kid""?",Jim Kiick,Easy,Jim Kiick,Brett Favre,Troy Aikman,Single-Correct,Text Based
,Which country won the Cricket World Cup in 1999?,Australia,Easy,Australia,Pakistan,South Africa,Single-Correct,Text Based
,Who did The Rock beat to win his first WWE Title?,Bret Hart,Medium,Mankind,Stone Cold Steve Austin,Mankind,Single-Correct,Text Based
,The name Kunjarani Devi is associated with...?,Weight Lifting,Medium,Weight Lifting,Athletics,Target shooting,Single-Correct,Text Based
,In what year was the first international cricket match held?,1892 between England and India,Hard,1844 between Canada and the USA,1869 between England and Australia,1844 between Canada and the USA,Single-Correct,Text Based
,Who is the author of 'Ashtadhyayi'?,Gitta Piramal,Easy,Panini,Raj Anand,Panini,Single-Correct,Text Based
,What is laughing gas?,Nitrous Oxide,Easy,Nitrous Oxide,Sulphur dioxide,Carbon monoxide,Single-Correct,Text Based
,Who directed the world famous film 'The Gandhi'?,Richard Attenborough,Easy,Richard Attenborough,Mrinal Sen,Satyajit Ray,Single-Correct,Text Based
,Who is the author of the book 'No Full Stops in India'?,Raj Mohan Gandhi,Easy,Mark Tully,Shyam lal,Mark Tully,Single-Correct,Text Based
,Who has written the book 'Kashmir - Behind the Vale'?,M. J. Akbar,Medium,M. J. Akbar,L. Ramdas,Lt. Gen. Dipendra Singh,Single-Correct,Text Based
,Who has written the book 'The Famished Road'?,Zola Emile,Medium,Ben Okri,V.S. Naipaul,Ben Okri,Single-Correct,Text Based
,'Eight Lives' is a book written by,Raj Mohan Gandhi,Medium,Raj Mohan Gandhi,Mahesh Yogi,Savita Ambedkar,Single-Correct,Text Based
,'Nature never did betray the heart that loved her' is a quotation from,W.Wordsworth,Hard,W.Wordsworth,P.B.Shelly,J.Brayon,Single-Correct,Text Based
,Actinides are the elements with atomic numbers from,36 from 43,Easy,89 to 103,101 to 115,89 to 103,Single-Correct,Text Based
,The two elements that are frequently used for making transistors are,silicon and germanium,Medium,silicon and germanium,iridium and tungsten,boron and aluminium,Single-Correct,Text Based
,The filament of an electric bulb is made of,tungsten,Medium,tungsten,graphite,nichrome,Single-Correct,Text Based
,Diamond is an allotropic form of,carbon,Hard,carbon,silicon,germanium,Single-Correct,Text Based
,Headquarters of UNO are situated at,Paris,Easy,"New York, USA",Hague (Netherlands),"New York, USA",Single-Correct,Text Based
,First International Peace Congress was held in London in,1843 AD,Easy,1843 AD,1564 AD,1798 AD,Single-Correct,Text Based
,"For seeing objects at the surface of water from a submarine under water, the instrument used is",periscope,Easy,periscope,spectroscope,kaleidoscope,Single-Correct,Text Based
,Dr. Zakir Hussain was,first speaker of Lok Sabha,Medium,the first Muslim president of India,first vice president of India,the first Muslim president of India,Single-Correct,Text Based
,G-15 is an economic grouping of,Fourth World Nations,Medium,Third World Nations,Second World Nations,Third World Nations,Single-Correct,Text Based
,Fathometer is used to measure,Ocean depth,Hard,Ocean depth,Earthquakes,Rainfall,Single-Correct,Text Based
,The phrase 'procedure established by the law' means,judges in India can declare a law invalid simply because in their opinion the law is not due or is unjust,Easy,"the judges in India cannot question the fairness or validity of a law, provided it is within the limits of the constitution","the judges in India cannot question the fairness or validity of a law, provided it is within the limits of the constitution",None of the above,Single-Correct,Text Based
,The national anthem was written by,Aurobindo Ghosh,Easy,Rabindranath Tagore,Bankim Chandra Chatterjee,Rabindranath Tagore,Single-Correct,Text Based
,The member of a State Public Service Commission can be removed on the ground of misbehavior only after an enquiry has been conducted by the,committee appointed by the president,Easy,Supreme Court of India,Supreme Court of India,None of the above,Single-Correct,Text Based
,The members of the standing committee are taken from the Lok Sabha and Rajya Sabha in the ratio of,two and one respectively,Medium,two and one respectively,four and one respectively,three and one respectively,Single-Correct,Text Based
,The preamble enshrines certain ideals that were first spelt out in,a resolution adopted at the Karachi session of the Indian National Congress,Medium,the Objectives Resolution adopted by the Constituent Assembly,the Objectives Resolution adopted by the Constituent Assembly,the speech by Jawaharlal Nehru on the banks of Ravi when he called for ,Single-Correct,Text Based
,The Nagaland State of India cannot be termed as a state because it lacks,None of the above,Hard,sovereignty,bicameral legislature,sovereignty,Single-Correct,Text Based
,How many gold medals have been won by India in the Olympics so far?,4,Easy,9,9,10,Single-Correct,Text Based
,"Who did The Rock wrestle in the main event at the 1999 edition of ""Wrestlemania""?",Undertaker,Easy,Stone Cold Steve Austin,Triple H,Stone Cold Steve Austin,Single-Correct,Text Based
,Which English county did batting sensation Virender Sehwag join in the 2003 season?,Leicestershire,Easy,Leicestershire,Yorkshire,Lancashire,Single-Correct,Text Based
,Who has scored the most Test hundreds ever?,Sachin Tendulkar,Medium,Sachin Tendulkar,Shane Warne,Steve Waugh,Single-Correct,Text Based
,When was the first cricket Test match played?,1788,Medium,1877,1873,1877,Single-Correct,Text Based
,Which track and field star overcame childhood polio to become one of the greatest athletes of her time?,Wilma Rudolph,Hard,Wilma Rudolph,Florence Griffith Joyner,Gail Devers,Single-Correct,Text Based
,"In fireworks, the green flame is produced because of",mercury,Easy,barium,barium,potassium,Single-Correct,Text Based
,Who is the author of the book 'Freedom Behind Bars'?,Kiran Bedi,Easy,Kiran Bedi,Sheikh Abdullah,Jawaharlal Nahru,Single-Correct,Text Based
,Permanent hardness of water can be removed by adding,washing soda,Easy,washing soda,potassium permanganate,chlorine,Single-Correct,Text Based
,Marsh gas is,nitrogen,Medium,methane,methane,hydrogen,Single-Correct,Text Based
,LPG consists of mainly,"methane, butane and propane",Medium,"methane, butane and propane","methane, hexane and nonane","ethane, hexane and nonane",Single-Correct,Text Based
,Air is a/an,electrolyte,Hard,mixture,mixture,compound,Single-Correct,Text Based
,The book 'A Farewell to Arms' was written by,Ernest Hemingway,Easy,Ernest Hemingway,Thomas Hardy,Charles Dickens,Single-Correct,Text Based
,'Ek Doctor Ki Maut' is a film directed by,Tapan Sinha,Easy,Tapan Sinha,Meera nair,Gautam Gosh,Single-Correct,Text Based
,The book 'Satanic Verses' was written by,Gunnar Myrdal,Medium,Salman Rushdie,Salman Rushdie,Agatha Christie,Single-Correct,Text Based
,Who has won the Gyan Peeth Award for her book 'Yama'?,Mahadevi Verma,Medium,Mahadevi Verma,Amrita Preetam,Asha Poorna Devi,Single-Correct,Text Based
,Which of the following Newspapers are published in Bengali Language?,Jugantar,Medium,Jugantar,Din Mani,Pratap,Single-Correct,Text Based
,Who is the author of the novel 'Les Miserable'?,Fedric,Hard,Victor Hugo,ALium tofler,Victor Hugo,Single-Correct,Text Based
,For galvanizing iron which of the following metals is used?,Aluminium,Easy,Zinc,Copper,Zinc,Single-Correct,Text Based
,Economic goods are,Commodities that is available more as compared to demand,Easy,all commodities that are limited in quantity as compared to their demand,all commodities that are limited in quantity as compared to their demand,None of the above,Single-Correct,Text Based
,For purifying drinking water alum is used,to remove salts,Easy,for coagulation of mud particles,for coagulation of mud particles,to remove gases,Single-Correct,Text Based
,Hockey was introduced in the Asian Games in,1958 in Tokyo,Medium,1958 in Tokyo,1966 in Bangkok,1962 in Jakarta,Single-Correct,Text Based
,ESCAP stands for,None of the above,Medium,Economic and Social Commission for Asia and Pacific,European Society Council for Africa and Pacific,Economic and Social Commission for Asia and Pacific,Single-Correct,Text Based
,Firdausi was,Both option A and B,Hard,Both option A and B,a poet,well known for his epic 'Shahnama',Single-Correct,Text Based
,The Objectives Resolution was unanimously adopted by the Constituent Assembly on,None of the above,Easy,22nd January 1947,26th November 1946,22nd January 1947,Single-Correct,Text Based
,The preamble declares India as a sovereign state which implies,None of the above,Easy,India is free to conduct here internal as well as external affairs,India is free to conduct her external affairs,India is free to conduct here internal as well as external affairs,Single-Correct,Text Based
,The parliament works through committees which,both (a) and (b),Easy,exercise effective control over government on a regular and continuing basis,help the government in the formulation of policy,exercise effective control over government on a regular and continuing basis,Single-Correct,Text Based
,The Muslim League as a political party was founded in,1915,Medium,1906,1906,1919,Single-Correct,Text Based
,The members of the state legislature exercise control over the council of the ministers through,All of the above,Medium,All of the above,adjournment motion,criticism of its policies,Single-Correct,Text Based
,The preamble to our constitution includes all the following except,justice,Hard,adult franchise,equality of status,adult franchise,Single-Correct,Text Based
,Who beat Duke in the Great Alaskan Shootout Finals in 1998?,Notre Dame,Easy,University of Cincinnati,University of Cincinnati,UCLA,Single-Correct,Text Based
,'Dizzy' is the nickname of what Australian player?,Glenn McGrath,Easy,Jason Gillespie,Jason Gillespie,Brett Lee,Single-Correct,Text Based
,Who is the highest wicket taker in Test cricket?,Courtney Walsh,Easy,Muttiah Muralitharan,Muttiah Muralitharan,Shane Warne,Single-Correct,Text Based
,"Which country, which made its debut in the Norwich Union League in 2003, signed Rahul Dravid as their overseas player?",Scotland,Medium,Scotland,Wales,Ireland,Single-Correct,Text Based
,Which county signed Yuvraj Singh to play for them in 2003?,Yorkshire,Medium,Yorkshire,Hampshire,Lancashire,Single-Correct,Text Based
,Which county did the outspoken Spin great Bishen Singh Bedi play for?,Northamptonshire,Hard,Northamptonshire,Essex,Surrey,Single-Correct,Text Based
,The serial 'India's Rajiv' was produced and directed by,Shyam Benegal,Easy,Simmi Garewal,Simmi Garewal,Mira Nair,Single-Correct,Text Based
,The original name of 'Mahabharata' is,Rajatarangini,Easy,Jai Samhita,Katha Saritsagar,Jai Samhita,Single-Correct,Text Based
,'Man without society is either a beast or a God'. Who said this?,Henry Maine,Easy,Aristotle,Gandhi,Aristotle,Single-Correct,Text Based
,Who has written the famous book 'Mankind and Mother Earth'?,Arnold Toynbee,Medium,Arnold Toynbee,John Ruskin,Leo Tolstoy,Single-Correct,Text Based
,'Maya Memsaab' is a film directed by,Ketan Mahta,Medium,Ketan Mahta,Bhupen Hazarika,Shyam Benegal,Single-Correct,Text Based
,Who is the author of the book 'Naked Triangle'?,Balwant Gargi,Medium,Balwant Gargi,R.K.Narayan,Amrita Pritam,Single-Correct,Text Based
,The book 'Gulliver's Travels' was written by,Jonathan Swift,Hard,Jonathan Swift,Charles Dickens,Charles Lamb,Single-Correct,Text Based
,"Production of chlorofluorocarbons (CFC) gas which is proposed to be banned in  India, is used in which of the following domestic products?",Tube light,Easy,Refrigerator,Refrigerator,Cooking gas,Single-Correct,Text Based
,Balloons are filled with,oxygen,Easy,helium,helium,argon,Single-Correct,Text Based
,Which of the following does not contain a coinage metal?,Copper and Silver,Medium,Zinc and Gold,Zinc and Gold,Copper and Gold,Single-Correct,Text Based
,Which metal pollute the air of a big city?,Lead,Medium,Lead,Copper,Chromium,Single-Correct,Text Based
,Bell metal is an alloy of,brass and nickel,Hard,tin and copper,tin and copper,nickel and copper,Single-Correct,Text Based
,Himalayan Mountaineering Institute is at,Dispur,Easy,Darjeeling,Dehradun,Darjeeling,Single-Correct,Text Based
,Gabriel Daniel Fahrenheit was,devised temperature scale,Easy,All of the above,All of the above,a German Physicist,Single-Correct,Text Based
,"During the first crusade, crusaders reached Jerusalem and captured it in",1515 AD,Easy,1099 AD,1000 AD,1099 AD,Single-Correct,Text Based
,Dr. Linus Carl Pauling is the only person to have won two Nobel prizes individually for,"Physics in 1954, Medicine in 1962",Medium,"Chemistry in 1954, Peace Prize in 1962","Chemistry in 1954, Peace Prize in 1962","Medicine in 1954, Physics in 1962",Single-Correct,Text Based
,Free market is,None of the above,Medium,market where the price of a commodity is determined by free play of the forces of supply and demand,a condition in the international market where nations do not impose customs duty or other taxes on import of goods,market where the price of a commodity is determined by free play of the forces of supply and demand,Single-Correct,Text Based
,"East Timor, which became the 191st member of the UN, is in the continent of",Europe,Hard,Asia,Asia,South America,Single-Correct,Text Based
,Mainstream Nationalism in India,aimed at emancipation from colonial rule,Easy,aimed at emancipation from colonial rule,had national socialism as its ultimate goal,aimed at restoration of the Hindu state,Single-Correct,Text Based
,The minimum age required to become the prime minister of India is,40 years,Easy,25 years,25 years,35 years,Single-Correct,Text Based
,The objective of the Morley-Minto Reforms was,to abolish the post of secretary of the state for India,Easy,extension of provincial assemblies,extension of provincial assemblies,to establish diarchy in provinces,Single-Correct,Text Based
,The oath of office is conducted to the president by,None of the above,Medium,the chief justice of India,the speaker of Lok Sabha,the chief justice of India,Single-Correct,Text Based
,The members of the state legislative assemblies are elected for a period of,2 years,Medium,5 years,5 years,3 years,Single-Correct,Text Based
,The office of the prime minister of India,All of the above,Hard,is created by the constitution,is created by the Parliament,is created by the constitution,Single-Correct,Text Based
,Who was the first Indian to win an individual medal in Olympics?,Milkha Singh,Easy,K.D.Jadhav,P.T.Usha,K.D.Jadhav,Single-Correct,Text Based
,Which county did speedster Javagal Srinath play for in 1995?,Leicestershire,Easy,Gloucestershire,Glamorgan,Gloucestershire,Single-Correct,Text Based
,"Stripped of his heavyweight title in 1967 for refusing induction into the U.S. military, Muhammad Ali regained the heavyweight championship on October 30, 1974, in Kinshasa, Zaire with an eighth-round knockout of which prizefighter?",George Foreman,Easy,George Foreman,Leon Spinks,Joe Frazier,Single-Correct,Text Based
,"Undertaker wrestled Yokozuna at the 1994 ""Royal Rumble"". This was a Casket Match. Undertaker wrestled in another Casket Match at the 1998 ""Royal Rumble"". Who did he wrestle?",Mabel,Medium,Shawn Michaels,Shawn Michaels,Triple H,Single-Correct,Text Based
,With which sport is the 'Choudhury Trophy' associated?,Buggy-Jumping,Medium,Circumnavigation of the earth by car,Golf,Circumnavigation of the earth by car,Single-Correct,Text Based
,The nickname of wicketkeeping great Rod Marsh was what?,Billabong,Hard,Bacchus,Bacchus,Lagoon,Single-Correct,Text Based
,Who directed the film 'Little Buddha'?,Ben Johnson,Easy,Bernardo Bertolucci,Bernardo Bertolucci,Mani Kaul,Single-Correct,Text Based
,The controversial documentary 'Hell's Angel' broadcasted by Channel 4 on Independent British Television Station is based on who among the following?,Joseph Stalin,Easy,Mother Teresa,Mother Teresa,Saddam Hussein,Single-Correct,Text Based
,Who is the author of 'Tom Sawyer'?,Mark Twain,Easy,Mark Twain,John Ruskin,Leo Tolstoy,Single-Correct,Text Based
,Who is the author of the book 'The Future of Freedom'?,Tamara Lipper,Medium,Fareed Zakaria,Fareed Zakaria,Richard Wolfee,Single-Correct,Text Based
,"Who said the words, 'I disapprove of what you say, but I will defend to Death your right to say it'?",Mahatma Gandhi,Medium,Voltaire,Lenin,Voltaire,Single-Correct,Text Based
,The celebrated novel 'The Godfather' was authored by,Harold Robbins,Medium,Mario Puzo,John Milton,Mario Puzo,Single-Correct,Text Based
,Which of the following books is written by Rabindranath Tagore?,Anand Math,Hard,Rakta Karabi,Rakta Karabi,Durgesh Nandini,Single-Correct,Text Based
,Water is a good solvent of ionic salts because,it has a high specific heat,Easy,it has a high dipole moment,it has a high dipole moment,it has a high boiling point,Single-Correct,Text Based
,Which of the following is not an isotope of hydrogen?,Protium,Easy,Yttrium,Yttrium,Tritium,Single-Correct,Text Based
,The main constituents of pearls are,aragonite and conchiolin,Medium,calcium carbonate and magnesium carbonate,calcium carbonate and magnesium carbonate,ammonium sulphate and sodium carbonate,Single-Correct,Text Based
,Amalgams are,alloys which contain mercury as one of the contents,Medium,alloys which contain mercury as one of the contents,alloys which have great resistance to abrasion,highly coloured alloys,Single-Correct,Text Based
,Which of the following is the lightest metal?,Lead,Hard,Lithium,Lithium,Silver,Single-Correct,Text Based
,Free surface of a liquid behaves like a sheet and tends to contract to the smallest possible area due to the,force of cohesion,Easy,force of cohesion,centrifugal force,force of friction,Single-Correct,Text Based
,Gopal Krishna Gokhale,All of the above,Easy,All of the above,served as President of the Indian National Congress in 1905,founded the servants of India Society,Single-Correct,Text Based
,GNLF stands for,Both option A and B,Medium,Gorkha National Liberation Front,Gorkha National Liberation Front,None of the above,Single-Correct,Text Based
,Excessive secretion from the pituitary gland in the children results in,increased height,Medium,increased height,weakening of bones,retarded growth,Single-Correct,Text Based
,Fa-Hien was,the first Buddhist pilgrim of China to visit India during the reign of Chandragupta Vikramaditya,Hard,the first Buddhist pilgrim of China to visit India during the reign of Chandragupta Vikramaditya,the first Buddhist pilgrim of India to visit China,the discoverer of Puerto Rico and Jamaica,Single-Correct,Text Based
,The president can be removed from his office before the expiry of his normal term only on the recommendation of,council of ministers,Easy,the two Houses of Parliament,the two Houses of Parliament,the Supreme Court,Single-Correct,Text Based
,The new committee system constitutes an improvement over the earlier committee system in so far as,it enables the Parliament to examine the grants of all the ministries and departments in detail,Easy,it enables the Parliament to examine the grants of all the ministries and departments in detail,it enables the Parliament to accept the demands of various ministries without scrutiny,it assures representation to all the political parties in proportion to their strength in the Parliament,Single-Correct,Text Based
,The members of the State Public Service Commission are appointed by the,chief minister,Medium,governor,governor,vice-president,Single-Correct,Text Based
,The president can assign any of the functions of the union government to the state government,in consultation with the government of the state,Medium,in consultation with the government of the state,in his discretion,in consultation with the state governor,Single-Correct,Text Based
,Who was the 1st president of BCCI ( Board of Control for Cricket in India )?,Anthony S. D'Mello,Easy,R.E. Grant Govan,Dr. Maharajkumar Sir Vijaya Ananda,R.E. Grant Govan,Single-Correct,Text Based
,How many gold medals did P.T.Usha win in the 1986 Seoul Asian Games?,1,Easy,4,2,4,Single-Correct,Text Based
,Who holds second and third place for most yards rushing in a single season in the NFL?,OJ Simpson,Medium,OJ Simpson,Barry Sanders,Jim Brown,Single-Correct,Text Based
,Which of the following countries won the final of the triangular cricket series held in durban in februarry 1997?,India,Medium,South africa,South africa,Zimbabwe,Single-Correct,Text Based
,Who has scored the most runs in a single First-class innings?,Sachin Tendulkar,Hard,Brian Lara,Hanif Mohammad,Brian Lara,Single-Correct,Text Based
,The book 'The Man who knew Infinity' by Robert Kanigel is the biography of,Srinivasa Ramanujan,Easy,Srinivasa Ramanujan,Homi Bhabha,Sir C. V. Raman,Single-Correct,Text Based
,Who is the author of 'Betrayal of the Defence Forces'?,George Fernandes,Easy,Vishnu Bhagat,Vishnu Bhagat,Jaswant Singh,Single-Correct,Text Based
,David Copperfield is the name of,writer,Easy,novel,famous actor,novel,Single-Correct,Text Based
,The famous book 'The Daughter of the East' is written by,Ms. Aunsan Suu Kyi,Medium,Ms. Benazir Bhutto,Ms. Benazir Bhutto,Ms. Bandaranaike Sirimavo,Single-Correct,Text Based
,Which is not a correct combination?,Meghdoot - Kalidaas,Medium,Midnight Children - A. Sanderson,Idols - Sunil Gavaskar,Midnight Children - A. Sanderson,Single-Correct,Text Based
,The author of the book 'Waiting for the Mahatma' is,Amrita Pritam,Medium,R.K. Narayan,R.K. Narayan,Manohar Malgonkar,Single-Correct,Text Based
,Who is the author of 'India Wins Freedom'?,Jawaharlal Nahru,Hard,Maulana Azad,Dominique Lapierre,Maulana Azad,Single-Correct,Text Based
,Which of the following metals remain in liquid for under normal conditions?,Uranium,Easy,Mercury,Mercury,Radium,Single-Correct,Text Based
,"Potassium Permanganate is used for purifying drinking water, because",it is a sterilising agent,Medium,it is an oxidising agent,it dissolves the impurities of water,it is an oxidising agent,Single-Correct,Text Based
,Which of the following is an element?,Diamond,Hard,Diamond,Emerald,Sapphire,Single-Correct,Text Based
,"'In Custody', an English novel is written by which one of the following?",V.S. Naipaul,Easy,Anita Desai,Vikram Seth,Anita Desai,Single-Correct,Text Based
,Who wrote the book 'The Prince'?,Emile Zola,Easy,Niccolo Machiaveli,Bernard Shaw,Niccolo Machiaveli,Single-Correct,Text Based
,What is unique about the film 'Adi Shankaracharya'?,It is the first Sanskrit film.,Medium,It is the first Sanskrit film.,It has won the National Award.,It is the first Bengal film.,Single-Correct,Text Based
,'Crime and Punishment' was written by,Alexander Solzhenitsyn,Medium,Fyodor Dostoevsky,Vladimir Nabakov,Fyodor Dostoevsky,Single-Correct,Text Based
,Lala Lajpat Rai is the author of the book,Mother India,Hard,Unhappy India,Unhappy India,Hind Swaraj,Single-Correct,Text Based
